,State,County,Democratic,Republican,Party
0,ID,Fremont,-636.5054904734516,7332.020858546225,Democratic
1,OK,Love,775.7499361012833,4305.985484049348,Democratic
2,PA,Fayette,10089.7625920878,9261.68761100181,Democratic
3,MO,Dent,-345.83614331781973,2560.4836118704625,Democratic
4,MI,Monroe,11144.181140773773,13429.900852897768,Democratic
5,OK,Ellis,-711.7596327878655,3879.537198959215,Democratic
6,NE,Red Willow,-342.9762011166331,6020.87262360978,Democratic
7,WI,Trempealeau,841.2651708898666,7888.273420132096,Democratic
8,VA,Covington,-63.1137562425065,3473.7968849320496,Democratic
9,AR,Fulton,333.1314327871696,1277.8448045292516,Democratic
10,GA,Baker,2287.8590367777097,2420.4063012676597,Democratic
11,NH,Hillsborough,33388.91146889351,26201.418940981363,Democratic
12,IL,Williamson,4377.929137957632,8078.5912484824585,Democratic
13,VA,Suffolk,10371.65812588581,15127.764867329619,Democratic
14,IN,Sullivan,-105.54624401896945,5874.214318718434,Democratic
15,IL,Lee,2122.1116726164473,8664.811345111986,Democratic
16,WA,Klickitat,964.079010651094,3585.620196833286,Democratic
17,IN,Jennings,-145.25192424031047,6924.918815342392,Democratic
18,OH,Logan,2042.744990872935,7291.45432765116,Democratic
19,IL,Cass,-452.707962499886,6538.412496702176,Democratic
20,WI,Dane,42777.137745073516,30189.946063411408,Democratic
21,ME,Waldo,1800.5239493553236,5503.010951514611,Democratic
22,TX,Liberty,5011.615177816624,9912.422744147074,Democratic
23,NC,McDowell,2073.050331947513,4429.345197701781,Democratic
24,TX,Mills,224.76087155513414,3177.0105614593485,Democratic
25,GA,Floyd,7423.8408684758815,8782.203988718768,Democratic
26,WI,Walworth,6884.424776580887,11135.059197009628,Democratic
27,MI,Barry,3424.0723219812826,9215.905875347777,Democratic
28,WI,Buffalo,-84.76582586408949,5972.728526106252,Democratic
29,GA,Murray,259.73563711926,5857.49762870692,Democratic
30,TX,Coke,758.3667366051923,3149.2049109888994,Democratic
31,NE,Hitchcock,-594.1418373149681,2720.2027821756565,Democratic
32,IN,Spencer,183.43762776173935,6880.058766666724,Democratic
33,TN,McNairy,658.6279565497625,3217.123471095745,Democratic
34,TX,Swisher,-775.1982330280243,2862.7810159666624,Democratic
35,AR,Van Buren,130.7843799704351,-400.3998116746243,Democratic
36,NC,Yadkin,1541.8348757638378,5466.1770161787945,Democratic
37,NY,Bronx,124429.79269196671,66070.59515130446,Republican
38,WV,Cabell,6404.68062726288,7169.736412670243,Democratic
39,PA,Juniata,935.6331073004731,6635.812490214465,Democratic
40,NC,Duplin,5109.539728340494,6113.589448203212,Democratic
41,WI,Kenosha,12848.573531684018,15089.255221250132,Democratic
42,CO,Kit Carson,-702.7216190782456,6246.7240349202775,Democratic
43,VA,Southampton,3873.234857565587,8139.495584038053,Democratic
44,NM,Sierra,1943.769793999305,-3728.2620711739546,Democratic
45,IA,Linn,17459.63441791611,17881.62262981208,Democratic
46,MI,Newaygo,2149.3856475260936,5817.815444301939,Democratic
47,WA,Spokane,39909.061037096835,26511.610818941124,Democratic
48,GA,Madison,1091.3315229691343,6758.539398103396,Democratic
49,OR,Lane,29199.088834638027,18351.151306587268,Democratic
50,NE,Lincoln,1674.184919348496,8246.04676864027,Democratic
51,GA,Bulloch,5074.844301032462,7161.266428507181,Republican
52,CA,Mariposa,1817.472398086722,2560.099917421032,Democratic
53,NV,Mineral,2923.9966429540054,-354.92723855596887,Democratic
54,NV,Elko,2925.1511939391867,12737.287602496424,Democratic
55,TX,Ward,-1158.4050454053613,5298.288119773647,Democratic
56,MO,Nodaway,-1395.4596559108868,2788.679814338024,Democratic
57,VA,Frederick,6213.667006759753,12802.847698724894,Democratic
58,AR,White,4802.939981579939,8857.519161704728,Democratic
59,TX,Coryell,6024.892863435353,13365.837890333209,Democratic
60,IA,O'Brien,264.84566764228293,6044.633385421532,Democratic
61,NE,Morrill,-996.6182927717346,5531.292958131969,Democratic
62,OH,Columbiana,7313.584852349199,8880.771961998973,Democratic
63,IA,Pocahontas,-257.0807511846997,3996.827315773133,Democratic
64,TX,Lamar,4081.4391864846,6315.540278916491,Democratic
65,SD,Walworth,2339.1072051028095,3587.876037527323,Democratic
66,GA,Wheeler,798.6623863754594,4292.071424664495,Republican
67,MS,Prentiss,894.9770861557427,4175.759915418177,Democratic
68,CA,San Joaquin,61725.301338282385,36156.32853063065,Democratic
69,GA,Wilcox,1553.067348757073,4133.540953392765,Democratic
70,KY,Simpson,104.66793631461587,5346.17822445029,Democratic
71,PA,Venango,3075.5117290367116,6280.730193896912,Democratic
72,IA,Clayton,410.0719367935526,5650.279927023007,Democratic
73,VA,Floyd,346.4224006085624,5743.401984968979,Democratic
74,MI,Otsego,877.1794524363486,5965.269148100306,Democratic
75,PA,Cambria,10764.865459093116,10220.8974924772,Democratic
76,GA,Fannin,944.8706851461193,125.40870184616506,Democratic
77,CA,Kings,10979.264236614757,12746.236028701405,Republican
78,WY,Converse,-444.2167267965433,9536.42272287297,Democratic
79,LA,Rapides,12464.862477149909,12365.730083101838,Democratic
80,MO,Chariton,-320.7128678351637,3228.7464896552683,Democratic
81,AL,Tallapoosa,4709.5615178085145,6427.726331445126,Democratic
82,NE,Gage,889.683385664639,6244.439619616672,Democratic
83,AR,Crittenden,6364.942257222876,9159.489461814643,Republican
84,AL,Geneva,1376.88787390361,4060.327290065814,Democratic
85,NC,Iredell,13656.476903631508,14667.703012134665,Democratic
86,GA,McIntosh,4158.902804415825,6847.757426675432,Democratic
87,IA,Kossuth,868.2389139076931,6307.152935429443,Democratic
88,IL,Alexander,1730.2847612731057,1819.5421701781052,Democratic
89,AL,Lawrence,3090.7584945438202,6426.848168462441,Democratic
90,KY,McLean,-1260.3688121204832,3878.3152233485944,Democratic
91,NJ,Camden,44611.47619712405,30204.606795618165,Democratic
92,NY,Chenango,2639.179206782922,6644.392672691365,Democratic
93,VA,Rockbridge,1821.1835271325108,4597.165463598684,Democratic
94,MI,Bay,7676.410298695386,9583.241561486357,Democratic
95,OH,Fayette,258.2152373775916,5095.20783942097,Democratic
96,TN,Lauderdale,2887.9280308504012,6386.132931286278,Democratic
97,MS,Walthall,3533.499288435032,5270.484877326503,Democratic
98,TX,El Paso,67920.112428077,40145.53404514871,Republican
99,SD,Hand,-196.50601267295133,3611.097572209361,Democratic
100,NY,Steuben,6751.736775512701,9306.077824447973,Democratic
101,FL,Jackson,5182.981379017963,7264.29016413209,Democratic
102,NC,Johnston,14474.26191334653,15275.875331744224,Democratic
103,SD,Perkins,-442.7839304773679,3504.644959112782,Democratic
104,VA,Virginia Beach,39861.27382245978,30082.48447930053,Democratic
105,IA,Audubon,249.86427346332493,4903.708129512508,Democratic
106,WI,Iron,471.0393864625512,752.9833639391,Democratic
107,NM,Grant,1872.0340037240658,1855.8790021140376,Democratic
108,GA,Clarke,8877.015429794721,7211.740973810383,Republican
109,NC,Caswell,3692.0879560399326,5070.602503884277,Democratic
110,OH,Stark,31244.056349603354,21598.3949814819,Democratic
111,CO,Hinsdale,802.6397761958269,5674.278411291014,Democratic
112,MT,Blaine,3788.417442921301,-799.7557180781769,Democratic
113,OR,Gilliam,115.65124010617365,3783.2914637788126,Democratic
114,IN,Miami,1365.803362184437,6861.090675054411,Democratic
115,MS,Claiborne,6361.976936816232,6539.390837976129,Republican
116,MO,Cooper,129.29948154675367,5830.711574445225,Democratic
117,OH,Pike,-318.66104186674784,3820.3051461535397,Democratic
118,FL,Madison,3623.053840942008,5995.698685317006,Democratic
119,WV,Ohio,2665.286360318798,6352.3062445595015,Democratic
120,TX,Hemphill,-1953.988943288423,8588.648692633094,Democratic
121,MD,Frederick,20729.07628415749,21094.97558654262,Democratic
122,IN,Fulton,-25.89231320896579,5891.62368339735,Democratic
123,GA,Lowndes,10321.701726956351,11789.944436853688,Republican
124,TX,Angelina,6681.854482479304,9464.02059518597,Democratic
125,CA,Napa,12261.642686840916,12968.916466652687,Democratic
126,OR,Jefferson,2754.2146947019282,3182.440315888978,Democratic
127,SD,Edmunds,-669.648278609764,4814.465969911006,Democratic
128,VA,Washington,3601.4592444732843,7661.556660577475,Democratic
129,TX,Palo Pinto,736.3438337259213,4962.9777803999805,Democratic
130,NV,Carson City,4050.0849866790395,6273.488870193674,Democratic
131,OR,Wallowa,746.7947485095028,2449.3274938619415,Democratic
132,MO,Lincoln,2227.7904812925135,10160.254735994586,Democratic
133,NM,Harding,621.502307706045,-575.8358981670135,Democratic
134,MI,Antrim,1543.2290986111784,3022.37957065105,Democratic
135,SC,Florence,14116.780340570098,13473.99998535279,Democratic
136,MO,Greene,22546.440759215744,16907.185185551054,Democratic
137,OH,Wood,9049.26093790456,12370.880207604347,Democratic
138,MS,Lowndes,6789.946322666814,8441.870926741503,Democratic
139,IN,Newton,-277.098445481819,7213.291958709507,Democratic
140,MO,Crawford,-271.6015018886519,3915.9435001157544,Democratic
141,TX,Goliad,-83.58751511359696,4924.25801800934,Democratic
142,UT,Box Elder,2451.650665776706,11712.22737829625,Democratic
143,MO,Adair,-697.8808787261496,4628.725264853294,Democratic
144,MD,Worcester,6073.645239225149,6837.468827381278,Democratic
145,TX,Kaufman,8187.531888346231,13525.414059927669,Democratic
146,NV,Washoe,36750.25649597916,24687.066005876408,Democratic
147,WA,Pacific,2604.356958191831,917.4197582076686,Democratic
148,MO,Benton,1359.8083135090492,-294.93157631438044,Democratic
149,NY,Suffolk,128077.90389259685,73499.68529918836,Democratic
150,WI,Juneau,1174.8732393002156,6389.97326419179,Democratic
151,AZ,Greenlee,-1420.9697317778537,7461.431521493051,Democratic
152,IN,Huntington,1276.7605894672397,8556.323508337025,Democratic
153,OK,Mayes,5270.533188705681,3931.8832679063653,Democratic
154,OK,McClain,2666.5784683789534,8698.289929163326,Democratic
155,CO,Rio Grande,-503.90942179648846,3579.503995742185,Democratic
156,IL,Stark,216.15335910941394,4260.969855365165,Democratic
157,AR,Cross,2031.3231492158857,6749.128622966257,Democratic
158,VA,Bristol,251.6922556222944,3172.380464932159,Democratic
159,MO,Clinton,526.6477950906719,8015.606646644559,Democratic
160,PA,Pike,4831.082144747515,9107.354459066075,Democratic
161,NY,Saratoga,18252.999725910973,18572.380068801456,Democratic
162,AR,Baxter,3908.4411269688,1856.5800644957471,Democratic
163,TX,Bosque,1132.9783814218754,3678.5107111791112,Democratic
164,WA,Columbia,341.89596839002115,936.0422430602557,Democratic
165,NE,Kearney,-171.61774745971707,8768.41662198941,Democratic
166,ID,Nez Perce,3185.7721254101334,7485.965268862787,Democratic
167,IA,Adams,-436.9835311395127,5035.577623422385,Democratic
168,MS,Alcorn,2073.765298641064,5767.901869629144,Democratic
169,UT,Piute,-1334.6250151611766,-1428.8239782861965,Democratic
170,WI,Waushara,1638.2497348307588,5688.514838440271,Democratic
171,OK,Marshall,2152.3805035989208,3144.2826066367634,Democratic
172,GA,Terrell,4463.667908610603,3913.9966850940946,Democratic
173,OK,Pushmataha,1950.9770503203936,-1423.7998344492753,Democratic
174,ID,Washington,281.4232147167786,3501.8994325131716,Democratic
175,WV,Calhoun,-1400.162005199807,1731.8063165895983,Democratic
176,NE,Dawson,511.42064356597075,7509.564024006704,Democratic
177,VA,Lynchburg,7139.674223249907,8316.866150735223,Democratic
178,FL,Hardee,-270.63912984002855,2502.849649819189,Democratic
179,IL,Whiteside,3734.2387301397057,8294.004619880827,Democratic
180,TX,Duval,-1319.492605971518,4203.1607498954,Democratic
181,NY,Fulton,2969.409415410584,7004.678720022948,Democratic
182,IN,Hancock,4783.358082747219,12115.592057310212,Democratic
183,SC,Beaufort,16947.45452023874,12382.79300067982,Democratic
184,AR,Faulkner,8870.139355034731,13717.745055813972,Democratic
185,MO,Daviess,-893.9928996377621,5186.035624530609,Democratic
186,MO,Macon,283.50541662122305,4193.7791216970945,Democratic
187,WA,Lewis,5541.229725573535,7203.6875723596795,Democratic
188,VA,King William,1801.6944812647325,10365.185045694874,Democratic
189,NC,Craven,9860.639482369857,10659.838095406465,Democratic
190,CO,Park,230.31052275416369,8521.917379316572,Democratic
191,NH,Merrimack,11317.727592234618,14382.017253356757,Democratic
192,MI,Iosco,2001.1667056927918,709.9324525700504,Democratic
193,AL,Marshall,6036.16733531213,8160.357010857147,Democratic
194,LA,Red River,2571.555697717419,6433.3287713635955,Democratic
195,UT,Wasatch,-229.44361897977615,11570.31320460105,Democratic
196,PA,Clearfield,5586.087357204586,8545.679996223836,Democratic
197,OK,Garfield,4750.496768839943,9031.39813611519,Democratic
198,GA,Glynn,8090.934876249483,8980.20890606119,Democratic
199,SD,Potter,644.8540991757072,1711.3491846545621,Democratic
200,VA,Chesterfield,29719.02477316274,25780.427797522676,Democratic
201,WV,Randolph,1056.5460198240853,5288.790773580244,Democratic
202,KY,Owen,-1255.9501467364607,5680.853602644291,Democratic
203,NE,Colfax,-990.6472416420602,7231.560172637159,Democratic
204,VA,Giles,247.14448471827018,5722.112153573424,Democratic
205,GA,Calhoun,2779.755578915827,3260.6394975564835,Republican
206,PA,Mifflin,2556.7895176552593,6062.509098943712,Democratic
207,PA,Tioga,2106.2335060174246,6153.103249607921,Democratic
208,MD,Kent,3079.2083172100083,5115.488315873071,Democratic
209,OH,Gallia,774.8071159307583,5714.268666403608,Democratic
210,NC,Halifax,8357.471473495005,6385.211684046273,Democratic
211,IL,Jackson,3422.102863240493,4657.07376319932,Republican
212,TN,Chester,171.52049129079387,5132.6903934311,Democratic
213,WV,Hardy,20.3197334534907,4852.333259358786,Democratic
214,IN,Adams,145.7067417670387,6821.888761161714,Democratic
215,MO,Boone,12996.106355835513,13876.069316812302,Democratic
216,MI,Keweenaw,516.1685639458683,-187.58128740077518,Democratic
217,AR,Pulaski,35194.00592149689,25228.395533443567,Democratic
218,TN,Lake,25.097301025543857,2545.9919523288827,Republican
219,FL,Washington,1802.0086533969406,5505.974715012584,Democratic
220,IL,Monroe,1540.0556384893353,10857.503008511785,Democratic
221,WY,Sweetwater,1283.6444089741472,11647.112691850434,Democratic
222,FL,Marion,30353.312967336937,15289.045513220517,Democratic
223,OH,Erie,6371.834140938503,8780.193630117015,Democratic
224,TX,Stephens,-794.4508763070025,3743.0260887125587,Democratic
225,LA,Allen,2544.049060988471,9156.297513003741,Democratic
226,NY,Tioga,3055.984878944975,9351.401482185363,Democratic
227,TX,Kimble,-194.82910178811835,210.38757512607663,Democratic
228,AR,Bradley,1177.2247065761567,1313.7874827509404,Democratic
229,MD,Charles,16775.196055541477,20333.01178113267,Democratic
230,IL,Vermilion,6188.399815724424,7888.838937764716,Democratic
231,AL,Perry,5796.864894595858,6695.764072692678,Democratic
232,TN,Roane,3651.508717510662,6173.007052731127,Democratic
233,OK,Custer,1286.3091425527728,6407.516112010919,Democratic
234,NE,Sioux,-459.7536522963492,5937.220801613385,Democratic
235,TN,Blount,9585.089625639266,10894.72791305557,Democratic
236,ID,Teton,-2222.923341228372,10376.997441547766,Democratic
237,OR,Marion,26105.752302458495,18693.19626335382,Democratic
238,ID,Madison,-2359.836820864859,3585.654141135992,Republican
239,NE,Harlan,-206.49809294863553,3812.2485170141754,Democratic
240,TX,Lee,1254.4488388911032,7616.560581626414,Democratic
241,KY,Clay,-2541.427354269972,-385.2423992878339,Republican
242,MS,Tippah,619.0305564797563,4189.3180663690055,Democratic
243,AL,Lowndes,6286.464990187831,6930.01545802102,Democratic
244,ID,Bannock,5152.803730941059,10208.31769347093,Democratic
245,IN,Shelby,1908.8849823988458,8709.20679046751,Democratic
246,VT,Windsor,4076.2016672072086,8112.318118065607,Democratic
247,KY,Madison,4796.901117056195,8718.62661402252,Democratic
248,IL,Kane,43701.63160242073,31538.11896480762,Democratic
249,TX,Sutton,-993.8994896709191,8852.84228318492,Democratic
250,KY,Meade,214.80306694589308,7971.957575608555,Democratic
251,IN,Switzerland,-1902.0912129387234,3545.9184373016924,Democratic
252,GA,Fayette,11133.119660076018,14510.921143087055,Democratic
253,IN,Orange,-403.05723819638297,5059.889741854049,Democratic
254,IA,Webster,1729.8297024888452,6873.308719569663,Democratic
255,PA,Montour,977.1494677098963,7028.156092621031,Democratic
256,IN,White,888.989165987372,7359.974533742328,Democratic
257,FL,Lake,28230.451029948505,16393.25830336545,Democratic
258,WI,Wood,5250.204480075497,9357.221528874059,Democratic
259,IN,Wabash,1293.8013681036646,5847.953207368071,Democratic
260,LA,Caldwell,219.2975634959239,5396.337533691127,Democratic
261,IN,DeKalb,1485.553767239122,9082.471327687961,Democratic
262,CA,San Mateo,67799.71702333305,39858.26685258231,Democratic
263,KY,Carlisle,-959.0238202607434,4138.937123453099,Democratic
264,TX,Castro,-2268.4192093862457,3680.2308427434546,Democratic
265,SC,Abbeville,3230.5308536305793,5230.874703122436,Democratic
266,TN,Henry,2186.954668071882,4016.341612859709,Democratic
267,WA,Pierce,71218.72148957339,43207.08415631039,Democratic
268,SD,Roberts,4066.543108693644,1859.370615544829,Democratic
269,WV,Mercer,3794.596746642317,4914.862876534516,Democratic
270,IL,Bureau,1867.0936906774878,7022.195925292628,Democratic
271,TX,Montague,645.4009602251699,4253.781340111525,Democratic
272,FL,Taylor,2550.5002249401086,6847.479673044874,Democratic
273,CT,Fairfield,80858.80152247423,49373.02969427404,Democratic
274,KY,Russell,-1234.8715930823819,914.3837573551609,Democratic
275,GA,Miller,1565.7612329811618,3785.517965797051,Democratic
276,TX,Lamb,-785.8317950407709,3921.7071322365155,Democratic
277,NJ,Cape May,8570.702120143655,8886.58029296586,Democratic
278,NC,Rockingham,8116.335050560445,9078.546045178951,Democratic
279,MO,Grundy,-325.29912518830133,3946.00506610935,Democratic
280,IL,Lawrence,688.7430348663274,7526.3034744786155,Democratic
281,IL,LaSalle,8154.73989556716,11092.0495326491,Democratic
282,NE,Dakota,333.3137471586833,7243.2957494406355,Democratic
283,VA,Bland,-695.9422372883964,4130.38710614957,Democratic
284,SC,Marlboro,5231.995346973987,5100.171590910874,Republican
285,AL,Franklin,581.3285545036852,4899.94161493143,Democratic
286,IN,Dubois,2001.3363723870107,10192.759321174399,Democratic
287,NC,Durham,27085.25710127806,21534.97166887739,Republican
288,NC,Union,17876.1793021357,19791.22302410064,Democratic
289,GA,Coffee,3273.4188357745525,7716.926729576597,Democratic
290,GA,Warren,4492.716091127705,2740.6485971116417,Democratic
291,MD,Anne Arundel,48528.98462289604,34824.57316502549,Democratic
292,OK,Hughes,3048.4392560847327,2243.8712871531716,Democratic
293,SC,Orangeburg,12257.757760956105,10644.010871130009,Democratic
294,VA,Halifax,5581.842475829769,5381.798548357327,Democratic
295,IL,Johnson,480.3588651868995,6049.299524793208,Democratic
296,AL,Shelby,17192.60800514864,19216.309575761978,Democratic
297,NJ,Mercer,33468.55637701365,24892.929704341965,Democratic
298,LA,Natchitoches,5081.2924641068785,6710.879915090989,Democratic
299,WI,Marathon,10617.568040743701,12908.84833560134,Democratic
300,VA,Charlotte,2774.9532939796327,5817.064831261817,Democratic
301,TX,Lynn,-1641.1441007636386,4285.285882356624,Democratic
302,UT,Tooele,2788.6093807878133,13594.417494371633,Democratic
303,OK,Washington,5391.4429365630485,6431.393213639966,Democratic
304,OH,Trumbull,16752.080930257143,12913.166718578514,Democratic
305,VT,Bennington,2137.164450797046,5770.895281699173,Democratic
306,KY,Logan,594.8252897295988,4653.7040859921435,Democratic
307,OK,Cotton,1028.5459343661205,4777.356735264409,Democratic
308,MS,Union,1128.4080435568903,5102.241837965131,Democratic
309,PA,Elk,1629.9438064514197,7155.177158159799,Democratic
310,NJ,Union,48348.823696917796,33487.87754919356,Democratic
311,AR,Miller,4035.975044549933,8138.918968242164,Democratic
312,PA,Jefferson,2168.4067817018904,6321.534439939593,Democratic
313,VA,Louisa,3574.4363864830375,9587.92777584581,Democratic
314,MS,Webster,84.33600298601777,3834.133717383522,Democratic
315,TX,Borden,285.3146799367496,9231.948104996638,Democratic
316,WA,Franklin,4270.468289729966,10777.589956522288,Republican
317,VA,Portsmouth,11913.517341968061,13356.191848467204,Democratic
318,GA,Taylor,2113.4461341409014,3314.628903052502,Democratic
319,MS,Copiah,5031.795934666051,6994.330880531614,Democratic
320,WA,Clark,37513.23018178006,26517.566346198866,Democratic
321,KY,Boone,9019.166937129157,15388.097136608465,Democratic
322,IN,Wells,784.6454043764825,8252.630781685033,Democratic
323,MT,Beaverhead,-335.7911783187501,4583.508528050298,Democratic
324,IL,Douglas,72.70149099047921,8317.441896141128,Democratic
325,KY,Metcalfe,-1390.4714714329912,3922.3077923169076,Democratic
326,MO,Linn,-317.31293679360715,4708.037188028192,Democratic
327,TX,San Patricio,3468.313127253916,8698.605297620608,Democratic
328,TX,Clay,214.76098814133184,6297.2988030652195,Democratic
329,LA,Vermilion,4328.1531374557635,9388.029050304292,Democratic
330,NE,Cuming,-70.96456826746544,5311.222913766289,Democratic
331,MI,Presque Isle,1507.897716767122,2185.7647248513385,Democratic
332,MO,Vernon,-386.79530834865363,3800.150877355418,Democratic
333,MI,Montcalm,3184.715035624228,7292.740654774669,Democratic
334,IN,Lake,42253.66061242398,27950.44197204966,Democratic
335,WI,Jackson,953.4628692547976,5153.646428865347,Democratic
336,OH,Van Wert,925.0855782570761,7237.445465634193,Democratic
337,MO,Sullivan,-1171.447273661639,4511.027895093324,Democratic
338,IA,Iowa,-77.02180166530343,7326.288692068869,Democratic
339,OK,Haskell,2585.264439848791,2910.8433449515887,Democratic
340,NY,Chemung,6561.341572034754,9262.381364551715,Democratic
341,MI,Missaukee,-191.1539504609991,5187.311582846717,Democratic
342,LA,Livingston,9500.012022652638,14390.314012319908,Democratic
343,TN,Knox,37210.88467550854,26131.861587247688,Democratic
344,TX,Dimmit,-2413.9520425175724,2798.0261919080986,Democratic
345,AZ,Yavapai,19140.301698828785,9945.739154814722,Democratic
346,SC,Lexington,23379.217123892267,20024.44158524424,Democratic
347,IL,Boone,2988.7738583213877,10349.126748471148,Democratic
348,KY,Rowan,-1675.5108192256048,2919.1940120786567,Democratic
349,NC,Currituck,1125.963761740948,9620.495184989177,Democratic
350,OK,Pottawatomie,6492.8361740731525,6992.342812541358,Democratic
351,FL,Glades,2354.706286152,-462.8285056164241,Democratic
352,TX,Potter,8744.050917365972,10175.769082106948,Democratic
353,NJ,Burlington,39811.351640017674,29602.00187119246,Democratic
354,TX,Cooke,2050.222243013167,7112.056892349617,Democratic
355,IN,Morgan,3948.8545652536523,10458.059212643248,Democratic
356,NY,Sullivan,5680.483694836937,8122.773605456559,Democratic
357,TX,Foard,157.49758381996253,2601.337473358468,Democratic
358,TN,Houston,-1167.8123754163935,1832.1464021939883,Democratic
359,VA,Hampton,15557.619676457203,16091.115962593096,Democratic
360,GA,Newton,11088.94524136096,14935.867545982896,Democratic
361,TN,Lewis,-843.7611244655727,3582.0138453737363,Democratic
362,FL,Holmes,227.89887468571578,2662.1817029763934,Democratic
363,OH,Franklin,104927.60674831222,60295.06505958917,Republican
364,FL,Escambia,27329.406927414282,19422.720304862243,Democratic
365,AL,Montgomery,22966.693512725848,18345.950176593393,Republican
366,CO,Adams,39127.9495846955,28930.760060683588,Democratic
367,OH,Carroll,784.6256246459452,5580.9347843219475,Democratic
368,VA,Scott,381.46015064528,3471.722025262354,Democratic
369,MS,Panola,5204.356253763439,7942.1260556074,Democratic
370,FL,Leon,24629.831135509638,18825.651003887,Republican
371,KY,Todd,-739.5693637339136,5104.197879086819,Democratic
372,NE,Saunders,516.2036400327306,8791.682233780102,Democratic
373,OK,Kiowa,383.75525031395046,2107.9225343487524,Democratic
374,OR,Klamath,4792.7882781824765,5560.481127180811,Democratic
375,TX,Yoakum,-1550.6545189510289,9046.486346980155,Democratic
376,TX,Randall,9414.99847509485,14065.491404745784,Democratic
377,MI,Crawford,403.1876092438997,2621.803252463602,Democratic
378,KY,Trimble,-1515.0849727053574,5620.532118328092,Democratic
379,SD,Meade,928.8152860211885,9250.104332430337,Democratic
380,SD,Haakon,-73.71936288616052,2968.933792526941,Democratic
381,NY,Orange,31458.514612830953,24743.466996257546,Democratic
382,IN,Henry,2444.4346468732438,6570.844928641278,Democratic
383,GA,Brantley,-1083.978484408939,4797.782624909199,Democratic
384,MI,Shiawassee,3862.344875593063,8494.218295311799,Democratic
385,IA,Franklin,-58.680587026561625,6141.407722720153,Democratic
386,GA,Long,939.2390920669877,9968.08538611072,Republican
387,MD,Garrett,1186.9896897360086,6022.134555297053,Democratic
388,IL,Wayne,-43.606837085106235,5187.956904292751,Democratic
389,SC,McCormick,6563.334538475391,3695.699611482498,Democratic
390,MS,Pearl River,3659.1758763657517,5938.404392738805,Democratic
391,WI,Waukesha,33012.82009838501,25902.442487322,Democratic
392,WV,Greenbrier,1744.3259096295278,3683.7356756631543,Democratic
393,VA,Buckingham,2786.1870792634954,5797.677599220828,Democratic
394,TN,Humphreys,365.72407998814197,5990.840211051284,Democratic
395,MS,Marion,2618.1761556117362,4246.448347912152,Democratic
396,FL,Baker,993.1178882125369,8314.916903507246,Democratic
397,MO,Knox,-1933.163324164283,-147.41424857735,Democratic
398,VA,Isle of Wight,4360.405159621294,9685.809664403265,Democratic
399,MA,Franklin,4938.883828178923,9037.011248859,Democratic
400,IA,Winneshiek,669.9601259434439,8369.851169419104,Democratic
401,TX,Hays,13192.958795398254,15431.871929833476,Democratic
402,NC,Tyrrell,2857.8144549997014,5110.294942209561,Democratic
403,MS,Chickasaw,3361.9732723159523,6210.872876483473,Democratic
404,AL,Blount,3055.2196664810235,7695.773077634442,Democratic
405,MT,Big Horn,6451.863949368069,1016.1654622606002,Democratic
406,MS,Lauderdale,8639.89325425617,9405.877312225617,Democratic
407,WI,Rock,12304.88868007738,13549.192978167053,Democratic
408,GA,Bibb,16142.85748895288,13449.384835429515,Republican
409,AL,Macon,7951.824766127494,7945.40575581487,Republican
410,MI,Ogemaw,641.5331445761349,1022.0369063725066,Democratic
411,MO,Stone,2459.730448094995,1880.625207936926,Democratic
412,GA,Butts,2773.764850385728,9750.799407025776,Democratic
413,VA,Greene,795.689631611298,8247.702631931528,Democratic
414,IL,McLean,13598.739867595024,15585.820298774397,Democratic
415,NM,Socorro,780.0257661206651,1815.0553715801816,Democratic
416,TX,Childress,-504.71977604615313,6771.834795842669,Democratic
417,TX,Upshur,2588.361282165284,7353.062924870695,Democratic
418,OK,Nowata,3074.6134356550474,3371.51445432931,Democratic
419,MO,Warren,1302.98229775049,7711.6395463319195,Democratic
420,VA,Prince William,39428.464235444975,32017.113739076307,Democratic
421,GA,Haralson,195.6853785996227,4483.749909088281,Democratic
422,LA,St. Martin,5230.064457385983,10216.5406373632,Democratic
423,NE,Washington,256.3463712837074,9451.976704709135,Democratic
424,IN,Marion,79832.52420318809,47204.59770267415,Republican
425,TX,Nolan,-304.14443643859886,5131.017706011833,Democratic
426,OH,Mahoning,20004.755780196676,14669.886916943355,Democratic
427,CO,Otero,-127.87020730257245,1448.2001240721274,Democratic
428,OH,Hamilton,69365.11431887178,41464.847898723965,Democratic
429,MD,Washington,12392.721872039878,13892.828518502592,Democratic
430,WI,Taylor,34.712877985868545,6242.967933244855,Democratic
431,LA,Assumption,2749.4971416057087,8000.152382504076,Democratic
432,UT,San Juan,4007.0997635446274,1215.588769615053,Democratic
433,TN,Grainger,-280.4859705660874,3865.899852862065,Democratic
434,VA,Powhatan,2546.644856910081,11647.283178627942,Democratic
435,MO,Texas,634.6005049592859,3362.573307291099,Democratic
436,MT,Judith Basin,-615.5085980756103,4318.046347713664,Democratic
437,IN,Hamilton,24759.305215846616,24551.215727773968,Democratic
438,OH,Hancock,4767.537504195092,9424.232835594748,Democratic
439,IN,Martin,-1135.6162139890985,5994.726870640145,Democratic
440,OK,Garvin,2110.1235856460353,4590.636659939509,Democratic
441,WI,Sauk,4050.2362876891084,9657.651551734987,Democratic
442,TX,Henderson,6005.19869245718,6290.720091963288,Democratic
443,TX,Edwards,-225.3776675317131,679.2896478286784,Democratic
444,GA,Glascock,-1098.870188479037,3753.3281308661008,Democratic
445,NC,Moore,8900.711549151189,7353.236462094756,Democratic
446,TN,Overton,-331.3971433407478,2719.327722251275,Democratic
447,OH,Greene,13209.400661045624,13675.186530929623,Democratic
448,VA,Richmond City,20861.157966917206,16511.306779044902,Republican
449,AL,Morgan,9642.340912714779,11512.443755592609,Democratic
450,IN,Porter,12802.86803357771,15453.981446330572,Democratic
451,GA,Chattahoochee,116.45959581318493,13270.093171933091,Republican
452,MS,Perry,844.2342442239715,5166.415447836888,Democratic
453,NE,Furnas,-647.4698330427182,2973.4551809148434,Democratic
454,SD,Custer,1320.576843259052,4001.4878849292163,Democratic
455,AR,Stone,-228.288520598162,-1268.170731066626,Democratic
456,LA,Ouachita,14325.019153482499,13251.050988640456,Democratic
457,NE,York,276.3847570474027,7772.156294781485,Democratic
458,MO,Wayne,-481.06023640159765,1530.591432166677,Democratic
459,WI,Door,2592.460990566661,4772.188369861882,Democratic
460,NM,Lincoln,2035.913149735612,2592.78125277033,Democratic
461,SC,York,20963.48060493815,19301.998971187328,Democratic
462,AR,Perry,-648.7748628596364,5392.874035724386,Democratic
463,TX,Kendall,2486.2856369494148,8384.499054283075,Democratic
464,TX,San Saba,-74.29003789687158,3441.209871668738,Democratic
465,KY,Powell,-2992.2321692945243,860.6433490129766,Democratic
466,UT,Emery,-963.7753698322613,8680.208172665916,Democratic
467,SD,Jackson,4734.701026629332,1591.2361862725575,Democratic
468,WY,Sublette,-722.7034914871074,10879.892237531374,Democratic
469,OH,Delaware,15207.987249911863,19341.896078686183,Democratic
470,LA,St. Bernard,3232.580786465517,10263.058340959184,Democratic
471,TX,Coleman,-762.876508794323,-1284.3173283696415,Democratic
472,OK,Grady,3872.633749616187,8676.35436587499,Democratic
473,NH,Belknap,4308.706186664194,8754.210158285632,Democratic
474,MI,Tuscola,2911.6157791472388,7019.695129283295,Democratic
475,AZ,La Paz,5652.412092840874,-3745.981159449817,Democratic
476,TX,Parker,8814.636363774216,13098.606477564643,Democratic
477,RI,Providence,53417.18293386874,33071.89144260761,Democratic
478,NY,Lewis,449.3418584448791,7359.727715566537,Democratic
479,TX,Carson,-447.23849981174317,8519.282039997366,Democratic
480,MI,Kalamazoo,20980.49468889614,16889.11128145355,Democratic
481,AL,Barbour,4685.281424713366,6009.77100915893,Democratic
482,AR,Jefferson,9566.75078094674,10095.626650715078,Democratic
483,SC,Lancaster,7579.8126085112835,7698.5002574060345,Democratic
484,MT,Sweet Grass,-238.80935248007336,3533.0824356648445,Democratic
485,SD,Grant,-364.791659959963,5941.181250801999,Democratic
486,SD,Dewey,6117.320822680051,-2111.8016320199167,Republican
487,KY,Lyon,315.9353340902726,3038.538313644889,Democratic
488,TN,Tipton,5021.735424929696,11515.319986471673,Democratic
489,WI,Price,487.38122884417135,2915.425334351854,Democratic
490,KY,Hickman,350.21042823748576,2496.559030031829,Democratic
491,GA,Pickens,1677.5820208371078,6651.489640460885,Democratic
492,OH,Sandusky,3661.324663610806,8462.879085821154,Democratic
493,KY,Garrard,-875.3653324977131,5031.542421218147,Democratic
494,SD,Ziebach,4229.5990998582565,-4214.142325285451,Republican
495,MI,Osceola,-99.16209766118664,3113.012960051383,Democratic
496,ID,Bear Lake,-780.1611763032706,5438.157050987049,Democratic
497,NY,Orleans,2519.354782911125,8550.340364070198,Democratic
498,TX,Hill,2263.338961581,5410.5457627854385,Democratic
499,KY,Rockcastle,-1683.829443979639,2452.306885834292,Democratic
500,OH,Fairfield,11656.315959452908,14428.677132310138,Democratic
501,TX,Wise,3484.854691520415,10679.280834262505,Democratic
502,NE,Garfield,-37.595793070966465,2450.1555127488773,Democratic
503,PA,Cameron,-199.33895371750987,3700.2790703054525,Democratic
504,SC,Cherokee,4216.3571682631755,7059.125360032689,Democratic
505,PA,Allegheny,105198.19831946571,59124.11007457524,Democratic
506,CA,Orange,268872.4718650132,140426.734922606,Republican
507,IL,Livingston,2319.7801476266604,9174.169122660836,Democratic
508,NC,Person,4422.758687197363,7798.829992385619,Democratic
509,OH,Morgan,-135.91125902987915,3188.5587625742555,Democratic
510,AZ,Pinal,34306.17779637774,21733.053453366494,Democratic
511,AL,Pickens,3382.7690603722876,4500.783141569718,Democratic
512,CA,Stanislaus,43803.99723620046,27664.17393678348,Democratic
513,VA,Rappahannock,890.1324201288317,4921.94134894872,Democratic
514,SD,Spink,-593.5095584221272,5344.189735527397,Democratic
515,NC,Richmond,4964.676540157955,5833.783511527912,Democratic
516,TN,Hawkins,3267.440331786065,6629.770522579004,Democratic
517,OK,Seminole,3492.5950354888955,2652.8418589602843,Democratic
518,NE,Kimball,-69.38850993234337,3964.7065427943617,Democratic
519,AR,Montgomery,10.130059065129899,-162.49437516373473,Democratic
520,OH,Richland,9731.670316537846,10576.05041961249,Democratic
521,PA,Adams,7758.795886864941,11678.248983943009,Democratic
522,TX,Taylor,10126.039925165962,11887.683558128878,Democratic
523,OK,Dewey,170.41120832907836,4588.859656768352,Democratic
524,AR,Sharp,437.93356336709076,-588.8221371246691,Democratic
525,TX,Uvalde,-702.0618633055929,2738.3821628820606,Democratic
526,TX,Galveston,26334.71446918272,21845.55926048144,Democratic
527,KY,Pulaski,2924.373534980623,4865.8502388869065,Democratic
528,NE,Thayer,-28.692261621705256,3253.855628473155,Democratic
529,SC,Anderson,16284.550788285564,14149.860884555173,Democratic
530,AZ,Gila,6110.550089064194,675.7243494690047,Democratic
531,SC,Jasper,4463.343441229198,7272.156063748805,Democratic
532,CO,Ouray,766.1646495483019,6090.3015905168195,Democratic
533,MA,Plymouth,43110.00040420401,30669.039341349526,Democratic
534,VA,Wise,1116.488493769015,5409.452523024727,Democratic
535,CO,Weld,21250.02029193108,19556.29952233149,Democratic
536,MO,Madison,-1036.9131406910237,2714.172209182656,Democratic
537,GA,Quitman,4483.576827656392,728.1961319428192,Democratic
538,IA,Benton,750.1327326433693,9068.824708804073,Democratic
539,FL,Martin,14373.338709353475,8182.427589400611,Democratic
540,MI,Gladwin,1037.7316816138155,988.6062846257792,Democratic
541,OH,Medina,13660.602968106563,16369.97613311727,Democratic
542,IL,Grundy,2328.875253016362,11483.024990464328,Democratic
543,AL,Madison,30860.670467252097,24060.103290398576,Democratic
544,MS,Tunica,5102.584491951849,8577.054209207123,Republican
545,LA,East Baton Rouge,40561.24396403617,27949.298518915144,Republican
546,PA,Wyoming,979.9377607358383,7212.546593002497,Democratic
547,TX,Young,261.318111134633,4934.289162878575,Democratic
548,VA,Albemarle,9201.579765684144,12291.431376457514,Democratic
549,CA,Kern,72477.16113696911,42406.363339563875,Republican
550,GA,Lincoln,1893.4127268103366,2424.9902644512968,Democratic
551,VA,Patrick,1281.7730042779167,3038.1862719212713,Democratic
552,IL,Menard,-167.01534379524492,7552.214114468082,Democratic
553,MT,Stillwater,218.55848106139274,7223.23953752959,Democratic
554,TX,Dallam,-2555.566725272949,7830.1337738305065,Democratic
555,VT,Rutland,3834.821751817749,7794.1092652039915,Democratic
556,VA,Newport News,18216.793326026993,18043.546601541286,Democratic
557,KY,Letcher,-1123.9985812236555,2799.823990795985,Democratic
558,VA,Essex,4670.62019948434,8754.985091138647,Democratic
559,MO,Dunklin,1025.2654644617724,3416.2854204470696,Democratic
560,MO,Pulaski,3575.2841195258743,12789.763348171302,Democratic
561,VA,Carroll,1064.0569480826198,3782.2694156446523,Democratic
562,CO,Dolores,-278.1376013060071,3374.5775765416674,Democratic
563,NC,Cabarrus,16184.997004538185,17125.112754063335,Democratic
564,LA,Claiborne,4124.689901013564,4293.871281006626,Democratic
565,IA,Butler,429.32221797964667,6459.861302040703,Democratic
566,KY,Monroe,-1631.6656551968354,1742.196038844917,Democratic
567,SC,Colleton,5550.472001733023,7178.47972216422,Democratic
568,TN,Morgan,-431.00827941338684,4810.161822637447,Democratic
569,OH,Guernsey,1219.7810606509502,5023.246008663267,Democratic
570,FL,Wakulla,1995.2311848814124,9547.791445116318,Democratic
571,WV,Monongalia,5910.962043107426,9620.596063207977,Democratic
572,VA,Dinwiddie,4304.892737065752,9989.36008353634,Democratic
573,GA,Pike,660.8527192433085,9311.862796372434,Democratic
574,NC,Lincoln,5268.619426552916,9428.28833270644,Democratic
575,WV,Harrison,4013.6737155510364,7082.794634935483,Democratic
576,TX,Burnet,2870.381618794131,5355.232096916397,Democratic
577,KY,Fayette,25551.432139310386,20138.285961685753,Democratic
578,CT,Hartford,77152.84108262822,46187.592148990836,Democratic
579,CO,San Miguel,-1777.9121295733457,9926.227323515091,Democratic
580,ME,Hancock,3758.13715399411,6347.735950287432,Democratic
581,WA,Pend Oreille,609.7706044751067,1321.9829999591002,Democratic
582,OR,Grant,672.5399903381167,704.9975790268254,Democratic
583,PA,Monroe,14333.142837062727,15305.076056757307,Democratic
584,TN,Grundy,-1499.720213298764,-880.4437361237724,Democratic
585,NE,Perkins,-112.8532440850613,7151.936687905401,Democratic
586,IL,DeKalb,6838.096765380302,11146.821894620824,Democratic
587,DE,Kent,16144.550698934017,15731.767068894958,Democratic
588,TX,McCulloch,-189.0200497746755,3499.6399765915485,Democratic
589,MO,Iron,-1360.9172673986322,2040.0571341293762,Democratic
590,TX,Robertson,1728.4198491751504,4904.551859095245,Democratic
591,WV,Marshall,1141.229177876472,5432.396390258855,Democratic
592,PA,Lycoming,8724.000516499476,10778.816704003553,Democratic
593,SC,Spartanburg,25176.10176990906,19009.631065112146,Democratic
594,NC,Lenoir,7204.87931291023,7390.161222281956,Democratic
595,WI,Bayfield,2295.900488288453,3383.681252041897,Democratic
596,NC,Pitt,15446.723570759857,14154.388000400355,Republican
597,VA,Prince George,5286.6311413343,13612.665581264871,Democratic
598,MD,Caroline,2493.3993348863823,8623.474572403462,Democratic
599,MI,Ionia,3313.641280907933,9758.88975133714,Democratic
600,WA,Kittitas,1295.9586656603824,5184.85502293861,Democratic
601,NC,Jones,3295.6477489817426,5679.940667019754,Democratic
602,TN,Fentress,-960.0103977860381,1073.0983601854605,Democratic
603,SD,Minnehaha,14322.941768549448,16677.222346513965,Democratic
604,GA,Heard,-751.3229723917193,3731.106212535813,Democratic
605,MO,Scott,2271.4453624727385,6598.6956007870285,Democratic
606,AL,Bullock,6234.372586864716,9515.574689260775,Democratic
607,IL,Lake,59767.29453495005,39611.36459543875,Democratic
608,GA,Forsyth,16717.77014168971,18949.85400988768,Democratic
609,PA,Washington,16951.25207624081,15380.855452923757,Democratic
610,GA,Elbert,3001.1125262069054,5623.306976972148,Democratic
611,VA,Northampton,3763.5842793585825,2185.1881129429894,Democratic
612,CA,San Luis Obispo,23118.9472646208,17150.131499193012,Democratic
613,TX,Hutchinson,114.42825202732274,7023.397975514038,Democratic
614,MT,Powell,-417.56753654657405,4863.67443348951,Democratic
615,DE,Sussex,19255.021261992166,12971.03516873912,Democratic
616,TX,Gray,585.2472426046625,7494.879193435117,Democratic
617,VA,Mecklenburg,5649.501707512575,4963.254084058898,Democratic
618,IL,Carroll,705.9652071147466,4004.405479169438,Democratic
619,OK,Johnston,1817.398594020333,1974.2085980876636,Democratic
620,OR,Tillamook,1735.967205894327,3436.309094452705,Democratic
621,GA,Habersham,2171.8074052461116,5100.240552812731,Democratic
622,CA,Sierra,30.93721036851457,-43.773320798165514,Democratic
623,TX,McMullen,-892.7424924191528,1602.9055230973281,Democratic
624,IA,Marshall,2553.559128148311,8004.127438460412,Democratic
625,AR,Franklin,-462.6189023075167,3710.1778765257477,Democratic
626,ID,Power,-1138.9483721231954,7235.525040156951,Democratic
627,MI,Gogebic,809.5202740268032,2003.0135045588559,Democratic
628,AR,Howard,975.5505653275504,4503.728942087042,Democratic
629,GA,Morgan,2505.3164334394114,7280.530009004257,Democratic
630,WV,Grant,-51.453022515652265,4125.53695276759,Democratic
631,TX,San Augustine,1885.9680129087028,-3.0639908501598256,Democratic
632,CO,Mineral,652.5542935947815,4921.267711121002,Democratic
633,CA,Imperial,12651.685977262274,11919.259629385922,Democratic
634,KY,Woodford,908.0211565938534,8644.634224528341,Democratic
635,MI,Branch,1612.0051192064075,6184.066832451676,Democratic
636,GA,Jones,2913.078510601188,8556.572079246604,Democratic
637,AR,Hempstead,2284.1233624158513,4236.214039473509,Democratic
638,VA,Amherst,3833.4359559640106,8738.580477123396,Democratic
639,WY,Teton,96.87915836034153,10795.209798478403,Democratic
640,TN,Meigs,-792.7643197072921,2794.0993130423212,Democratic
641,MS,Calhoun,1736.869950437731,4725.233437670416,Democratic
642,KY,Grayson,-619.5142025024688,3869.7913791023184,Democratic
643,NY,Rensselaer,12730.092391917273,13965.535129644259,Democratic
644,VA,Nottoway,4070.1778093034745,7854.792159804186,Democratic
645,NM,Lea,3572.5741517303804,11199.897849788567,Democratic
646,IA,Cedar,510.8565368548352,8283.024160270917,Democratic
647,LA,Ascension,9782.999028010005,15741.308835799871,Democratic
648,IA,Calhoun,95.17341891124852,4510.752391192482,Democratic
649,MI,Hillsdale,1680.9883016309068,5384.239397132718,Democratic
650,TX,Guadalupe,11673.467737983548,15637.887412315331,Democratic
651,SC,Calhoun,4369.236409301535,6965.555471952798,Democratic
652,IN,Hendricks,12409.45890645012,17923.19988171572,Democratic
653,VA,Norfolk,23064.466991225432,19991.132081647957,Republican
654,AL,Butler,3802.7908026021214,4241.933501899011,Democratic
655,VT,Windham,2674.522332954778,7361.992392075986,Democratic
656,AR,Lawrence,-1024.713429630483,1450.4166681444403,Democratic
657,ID,Boise,-486.0198095508531,3204.895673118819,Democratic
658,OK,Pawnee,2269.5871950413793,5192.959642841327,Democratic
659,VA,Nelson,2134.0266793807014,4610.279631353024,Democratic
660,IL,Edwards,-707.545677607055,6233.174811891861,Democratic
661,MI,Menominee,1402.0420040231238,5049.719080402882,Democratic
662,VA,Danville,6859.608722903228,5246.278574990261,Democratic
663,TN,Marion,846.4044049509866,5288.353478355656,Democratic
664,MS,Jasper,4922.116359146839,7108.421710685123,Democratic
665,TX,Denton,63641.05452212127,43254.232371062484,Democratic
666,MI,Gratiot,1762.060094479899,6297.16954119518,Democratic
667,AL,Colbert,4654.031836656687,7257.863423461847,Democratic
668,GA,Banks,-300.2952112444509,6148.312557003094,Democratic
669,MD,Talbot,5251.597163229355,6553.753027218647,Democratic
670,VA,Buchanan,-443.5060068581788,1669.13687276786,Democratic
671,WI,Kewaunee,631.0807854172144,7658.037022284295,Democratic
672,FL,Lee,58827.59072489232,31050.77212711925,Democratic
673,NY,Allegany,2198.791952329464,6899.853917933144,Democratic
674,SD,Clay,-1795.2065040698235,4599.599190523676,Democratic
675,IN,Warren,-331.3472952842112,8092.778218362564,Democratic
676,SD,Stanley,-7.413489955803016,6930.541845031061,Democratic
677,KY,Mason,-126.25432383782208,5092.266485193301,Democratic
678,NC,Jackson,2715.595129075089,4003.8575927918628,Democratic
679,GA,Douglas,13950.04333693883,16691.346108392645,Democratic
680,VA,Clarke,1056.460443067097,8963.420250793122,Democratic
681,MO,Platte,7367.994657460154,14107.34766971785,Democratic
682,NE,Otoe,424.53004067795337,6632.470071147648,Democratic
683,OK,Carter,4721.700314244707,7337.587912865574,Democratic
684,WI,Oconto,2034.970842448638,8177.672446545639,Democratic
685,TX,Bell,28430.12194099671,23399.34046903943,Democratic
686,GA,Telfair,1937.0710813033065,3798.7546116018457,Democratic
687,NE,Platte,1169.1193184734911,8903.844408329129,Democratic
688,NC,Sampson,6193.717685414324,7498.146787447309,Democratic
689,SC,Kershaw,6131.874054273166,9578.542058176978,Democratic
690,WI,Menominee,8065.269941532726,-2924.426551652088,Republican
691,AL,Conecuh,3390.003220961862,1566.3938344957369,Democratic
692,MO,Oregon,-992.8973844808024,-905.9071701432131,Democratic
693,MO,Atchison,-26.224293650473555,4287.079341642857,Democratic
694,NM,Otero,4671.818026323856,5710.687194940338,Democratic
695,OK,Logan,3628.2105873476166,9181.291614976053,Democratic
696,VA,Roanoke City,9279.804204632364,9731.216475862297,Democratic
697,NC,Northampton,6578.610708902132,4166.053656647364,Democratic
698,NC,Wilkes,4204.815632285271,4671.461994541016,Democratic
699,NE,Douglas,45399.439272490825,31511.354973383102,Democratic
700,MO,Dallas,-704.0032951883531,2167.53862078784,Democratic
701,WA,Garfield,164.69598276750912,3477.558641571557,Democratic
702,NC,Franklin,6231.105615591454,10345.730180134027,Democratic
703,OH,Clinton,1456.6783934998166,7475.568769214281,Democratic
704,NC,Stokes,2708.746465003678,6589.784022888019,Democratic
705,TN,Rhea,532.428153863706,3870.133405499855,Democratic
706,TX,Runnels,-596.53843460797,2000.7581497001738,Democratic
707,MI,Oakland,106195.2050330509,61186.04051269739,Democratic
708,SD,McPherson,-291.8856142675086,-632.7340746317295,Democratic
709,IL,Crawford,487.21300078614513,6325.013638384092,Democratic
710,IA,Marion,1457.245950782677,9264.0692806644,Democratic
711,GA,White,914.0961955001821,3444.3043059245174,Democratic
